--
-- CREATE SEQUENCE
--
-- various error cases
CREATE UNLOGGED SEQUENCE sequence_testx;
psql:sequence.sql:6: ERROR:  unlogged sequences are not supported
CREATE SEQUENCE sequence_testx INCREMENT BY 0;
psql:sequence.sql:7: ERROR:  INCREMENT must not be zero
CREATE SEQUENCE sequence_testx INCREMENT BY -1 MINVALUE 20;
psql:sequence.sql:8: ERROR:  MINVALUE (20) must be less than MAXVALUE (-1)
CREATE SEQUENCE sequence_testx INCREMENT BY 1 MAXVALUE -20;
psql:sequence.sql:9: ERROR:  MINVALUE (1) must be less than MAXVALUE (-20)
CREATE SEQUENCE sequence_testx INCREMENT BY -1 START 10;
psql:sequence.sql:10: ERROR:  START value (10) cannot be greater than MAXVALUE (-1)
CREATE SEQUENCE sequence_testx INCREMENT BY 1 START -10;
psql:sequence.sql:11: ERROR:  START value (-10) cannot be less than MINVALUE (1)
CREATE SEQUENCE sequence_testx CACHE 0;
psql:sequence.sql:12: ERROR:  CACHE (0) must be greater than zero
-- OWNED BY errors
CREATE SEQUENCE sequence_testx OWNED BY nobody;  -- nonsense word
psql:sequence.sql:15: ERROR:  invalid OWNED BY option
HINT:  Specify OWNED BY table.column or OWNED BY NONE.
CREATE SEQUENCE sequence_testx OWNED BY pg_class_oid_index.oid;  -- not a table
psql:sequence.sql:16: ERROR:  referenced relation "pg_class_oid_index" is not a table or foreign table
CREATE SEQUENCE sequence_testx OWNED BY pg_class.relname;  -- not same schema
psql:sequence.sql:17: ERROR:  sequence must have same owner as table it is linked to
CREATE TABLE sequence_test_table (a int primary key);
CREATE TABLE
CREATE SEQUENCE sequence_testx OWNED BY sequence_test_table.b;  -- wrong column
psql:sequence.sql:19: ERROR:  column "b" of relation "sequence_test_table" does not exist
DROP TABLE sequence_test_table;
DROP TABLE
-- sequence data types
CREATE SEQUENCE sequence_test5 AS integer;
CREATE SEQUENCE
CREATE SEQUENCE sequence_test6 AS smallint;
CREATE SEQUENCE
CREATE SEQUENCE sequence_test7 AS bigint;
CREATE SEQUENCE
CREATE SEQUENCE sequence_test8 AS integer MAXVALUE 100000;
CREATE SEQUENCE
CREATE SEQUENCE sequence_test9 AS integer INCREMENT BY -1;
CREATE SEQUENCE
CREATE SEQUENCE sequence_test10 AS integer MINVALUE -100000 START 1;
CREATE SEQUENCE
CREATE SEQUENCE sequence_test11 AS smallint;
CREATE SEQUENCE
CREATE SEQUENCE sequence_test12 AS smallint INCREMENT -1;
CREATE SEQUENCE
CREATE SEQUENCE sequence_test13 AS smallint MINVALUE -32768;
CREATE SEQUENCE
CREATE SEQUENCE sequence_test14 AS smallint MAXVALUE 32767 INCREMENT -1;
CREATE SEQUENCE
CREATE SEQUENCE sequence_testx AS text;
psql:sequence.sql:33: ERROR:  sequence type must be smallint, integer, or bigint
CREATE SEQUENCE sequence_testx AS nosuchtype;
psql:sequence.sql:34: ERROR:  type "nosuchtype" does not exist
LINE 1: CREATE SEQUENCE sequence_testx AS nosuchtype;
                                          ^
CREATE SEQUENCE sequence_testx AS smallint MAXVALUE 100000;
psql:sequence.sql:36: ERROR:  MAXVALUE (100000) is out of range for sequence data type smallint
CREATE SEQUENCE sequence_testx AS smallint MINVALUE -100000;
psql:sequence.sql:37: ERROR:  MINVALUE (-100000) is out of range for sequence data type smallint
ALTER SEQUENCE sequence_test5 AS smallint;  -- success, max will be adjusted
ALTER SEQUENCE
ALTER SEQUENCE sequence_test8 AS smallint;  -- fail, max has to be adjusted
psql:sequence.sql:40: ERROR:  MAXVALUE (100000) is out of range for sequence data type smallint
ALTER SEQUENCE sequence_test8 AS smallint MAXVALUE 20000;  -- ok now
ALTER SEQUENCE
ALTER SEQUENCE sequence_test9 AS smallint;  -- success, min will be adjusted
ALTER SEQUENCE
ALTER SEQUENCE sequence_test10 AS smallint;  -- fail, min has to be adjusted
psql:sequence.sql:43: ERROR:  MINVALUE (-100000) is out of range for sequence data type smallint
ALTER SEQUENCE sequence_test10 AS smallint MINVALUE -20000;  -- ok now
ALTER SEQUENCE
ALTER SEQUENCE sequence_test11 AS int;  -- max will be adjusted
ALTER SEQUENCE
ALTER SEQUENCE sequence_test12 AS int;  -- min will be adjusted
ALTER SEQUENCE
ALTER SEQUENCE sequence_test13 AS int;  -- min and max will be adjusted
ALTER SEQUENCE
ALTER SEQUENCE sequence_test14 AS int;  -- min and max will be adjusted
ALTER SEQUENCE
---
--- test creation of SERIAL column
---
CREATE TABLE serialTest1 (f1 text, f2 serial primary key);
CREATE TABLE
INSERT INTO serialTest1 VALUES ('foo');
INSERT 0 1
INSERT INTO serialTest1 VALUES ('bar');
INSERT 0 1
INSERT INTO serialTest1 VALUES ('force', 100);
INSERT 0 1
INSERT INTO serialTest1 VALUES ('wrong', NULL);
psql:sequence.sql:60: ERROR:  Kunlun-db: MySQL storage node (2, 4) returned error: 1048, Column 'f2' cannot be null.
SELECT * FROM serialTest1;
  f1   | f2  
-------+-----
 foo   |   1
 bar   |   2
 force | 100
(3 rows)

SELECT pg_get_serial_sequence('serialTest1', 'f2');
  pg_get_serial_sequence   
---------------------------
 public.serialtest1_f2_seq
(1 row)

-- test smallserial / bigserial
CREATE TABLE serialTest2 (f1 text, f2 serial, f3 smallserial, f4 serial2,
  f5 bigserial, f6 serial8 primary key);
CREATE TABLE
INSERT INTO serialTest2 (f1)
  VALUES ('test_defaults');
INSERT 0 1
INSERT INTO serialTest2 (f1, f2, f3, f4, f5, f6)
  VALUES ('test_max_vals', 2147483647, 32767, 32767, 9223372036854775807,
          9223372036854775807),
         ('test_min_vals', -2147483648, -32768, -32768, -9223372036854775808,
          -9223372036854775808);
INSERT 0 2
-- All these INSERTs should fail:
INSERT INTO serialTest2 (f1, f3)
  VALUES ('bogus', -32769);
psql:sequence.sql:81: ERROR:  smallint out of range
INSERT INTO serialTest2 (f1, f4)
  VALUES ('bogus', -32769);
psql:sequence.sql:84: ERROR:  smallint out of range
INSERT INTO serialTest2 (f1, f3)
  VALUES ('bogus', 32768);
psql:sequence.sql:87: ERROR:  smallint out of range
INSERT INTO serialTest2 (f1, f4)
  VALUES ('bogus', 32768);
psql:sequence.sql:90: ERROR:  smallint out of range
INSERT INTO serialTest2 (f1, f5)
  VALUES ('bogus', -9223372036854775809);
psql:sequence.sql:93: ERROR:  bigint out of range
INSERT INTO serialTest2 (f1, f6)
  VALUES ('bogus', -9223372036854775809);
psql:sequence.sql:96: ERROR:  bigint out of range
INSERT INTO serialTest2 (f1, f5)
  VALUES ('bogus', 9223372036854775808);
psql:sequence.sql:99: ERROR:  bigint out of range
INSERT INTO serialTest2 (f1, f6)
  VALUES ('bogus', 9223372036854775808);
psql:sequence.sql:102: ERROR:  bigint out of range
SELECT * FROM serialTest2 ORDER BY f2 ASC;
      f1       |     f2      |   f3   |   f4   |          f5          |          f6          
---------------+-------------+--------+--------+----------------------+----------------------
 test_min_vals | -2147483648 | -32768 | -32768 | -9223372036854775808 | -9223372036854775808
 test_defaults |           1 |      1 |      1 |                    1 |                    1
 test_max_vals |  2147483647 |  32767 |  32767 |  9223372036854775807 |  9223372036854775807
(3 rows)

SELECT nextval('serialTest2_f2_seq');
 nextval 
---------
       2
(1 row)

SELECT nextval('serialTest2_f3_seq');
 nextval 
---------
       2
(1 row)

SELECT nextval('serialTest2_f4_seq');
 nextval 
---------
       2
(1 row)

SELECT nextval('serialTest2_f5_seq');
 nextval 
---------
       2
(1 row)

SELECT nextval('serialTest2_f6_seq');
 nextval 
---------
       2
(1 row)

-- basic sequence operations using both text and oid references
CREATE SEQUENCE sequence_test;
CREATE SEQUENCE
CREATE SEQUENCE IF NOT EXISTS sequence_test;
psql:sequence.sql:114: NOTICE:  relation "sequence_test" already exists, skipping
CREATE SEQUENCE
SELECT nextval('sequence_test'::text);
 nextval 
---------
       1
(1 row)

SELECT nextval('sequence_test'::regclass);
 nextval 
---------
       2
(1 row)

SELECT currval('sequence_test'::text);
 currval 
---------
       2
(1 row)

SELECT currval('sequence_test'::regclass);
 currval 
---------
       2
(1 row)

SELECT setval('sequence_test'::text, 32);
 setval 
--------
     32
(1 row)

SELECT nextval('sequence_test'::regclass);
 nextval 
---------
      33
(1 row)

SELECT setval('sequence_test'::text, 99, false);
 setval 
--------
     99
(1 row)

SELECT nextval('sequence_test'::regclass);
 nextval 
---------
     100
(1 row)

SELECT setval('sequence_test'::regclass, 32);
 setval 
--------
     32
(1 row)

SELECT nextval('sequence_test'::text);
 nextval 
---------
      33
(1 row)

SELECT setval('sequence_test'::regclass, 99, false);
 setval 
--------
     99
(1 row)

SELECT nextval('sequence_test'::text);
 nextval 
---------
     100
(1 row)

DISCARD SEQUENCES;
DISCARD SEQUENCES
SELECT currval('sequence_test'::regclass);
psql:sequence.sql:129: ERROR:  currval of sequence "sequence_test" is not yet defined in this session
DROP SEQUENCE sequence_test;
DROP SEQUENCE
-- renaming sequences
CREATE SEQUENCE foo_seq;
CREATE SEQUENCE
ALTER TABLE foo_seq RENAME TO foo_seq_new;
ALTER TABLE
-- SELECT * FROM foo_seq_new;dzw: we don't have such a table
SELECT nextval('foo_seq_new');
 nextval 
---------
       1
(1 row)

SELECT nextval('foo_seq_new');
 nextval 
---------
       2
(1 row)

-- log_cnt can be higher if there is a checkpoint just at the right
-- time, so just test for the expected range
-- not supporte: SELECT last_value, log_cnt IN (31, 32) AS log_cnt_ok, is_called FROM foo_seq_new;
DROP SEQUENCE foo_seq_new;
DROP SEQUENCE
-- renaming serial sequences
ALTER TABLE serialtest1_f2_seq RENAME TO serialtest1_f2_foo;
ALTER TABLE
INSERT INTO serialTest1 VALUES ('more');
INSERT 0 1
SELECT * FROM serialTest1;
  f1   | f2  
-------+-----
 foo   |   1
 bar   |   2
 more  |   3
 force | 100
(4 rows)

--
-- Check dependencies of serial and ordinary sequences
--
CREATE TEMP SEQUENCE myseq2;
CREATE SEQUENCE
CREATE TEMP SEQUENCE myseq3;
CREATE SEQUENCE
CREATE TEMP TABLE t1 (
  f1 serial,
  f2 int DEFAULT nextval('myseq2'),
  f3 int DEFAULT nextval('myseq3'::text)
);
CREATE TABLE
-- Both drops should fail, but with different error messages:
DROP SEQUENCE t1_f1_seq;
psql:sequence.sql:160: ERROR:  cannot drop sequence t1_f1_seq because other objects depend on it
DETAIL:  default value for column f1 of table t1 depends on sequence t1_f1_seq
HINT:  Use DROP ... CASCADE to drop the dependent objects too.
DROP SEQUENCE myseq2;
psql:sequence.sql:161: ERROR:  cannot drop sequence myseq2 because other objects depend on it
DETAIL:  default value for column f2 of table t1 depends on sequence myseq2
HINT:  Use DROP ... CASCADE to drop the dependent objects too.
-- This however will work:
DROP SEQUENCE myseq3;
DROP SEQUENCE
DROP TABLE t1;
DROP TABLE
-- Fails because no longer existent:
DROP SEQUENCE t1_f1_seq;
psql:sequence.sql:166: ERROR:  sequence "t1_f1_seq" does not exist
-- Now OK:
DROP SEQUENCE myseq2;
DROP SEQUENCE
--
-- Alter sequence
--
ALTER SEQUENCE IF EXISTS sequence_test2 RESTART WITH 24
  INCREMENT BY 4 MAXVALUE 36 MINVALUE 5 CYCLE;
psql:sequence.sql:175: NOTICE:  relation "sequence_test2" does not exist, skipping
ALTER SEQUENCE
ALTER SEQUENCE serialTest1 CYCLE;  -- error, not a sequence
psql:sequence.sql:177: ERROR:  "serialtest1" is not a sequence
CREATE SEQUENCE sequence_test2 START WITH 32;
CREATE SEQUENCE
CREATE SEQUENCE sequence_test4 INCREMENT BY -1;
CREATE SEQUENCE
SELECT nextval('sequence_test2');
 nextval 
---------
      32
(1 row)

SELECT nextval('sequence_test4');
 nextval 
---------
      -1
(1 row)

ALTER SEQUENCE sequence_test2 RESTART;
ALTER SEQUENCE
SELECT nextval('sequence_test2');
 nextval 
---------
      33
(1 row)

ALTER SEQUENCE sequence_test2 RESTART WITH 0;  -- error
psql:sequence.sql:188: ERROR:  RESTART value (0) cannot be less than MINVALUE (1)
ALTER SEQUENCE sequence_test4 RESTART WITH 40;  -- error
psql:sequence.sql:189: ERROR:  RESTART value (40) cannot be greater than MAXVALUE (-1)
-- test CYCLE and NO CYCLE
ALTER SEQUENCE sequence_test2 RESTART WITH 24
  INCREMENT BY 4 MAXVALUE 36 MINVALUE 5 CYCLE;
ALTER SEQUENCE
SELECT nextval('sequence_test2');
 nextval 
---------
      28
(1 row)

SELECT nextval('sequence_test2');
 nextval 
---------
      32
(1 row)

SELECT nextval('sequence_test2');
 nextval 
---------
      36
(1 row)

SELECT nextval('sequence_test2');
 nextval 
---------
       5
(1 row)

SELECT nextval('sequence_test2');  -- cycled
 nextval 
---------
       9
(1 row)

ALTER SEQUENCE sequence_test2 RESTART WITH 24
  NO CYCLE;
ALTER SEQUENCE
SELECT nextval('sequence_test2');
 nextval 
---------
      28
(1 row)

SELECT nextval('sequence_test2');
 nextval 
---------
      32
(1 row)

SELECT nextval('sequence_test2');
 nextval 
---------
      36
(1 row)

SELECT nextval('sequence_test2');
psql:sequence.sql:205: ERROR:  Kunlun-db: nextval(): consumed all values of sequence "sequence_test2" 
SELECT nextval('sequence_test2');  -- error
psql:sequence.sql:206: ERROR:  Kunlun-db: nextval(): consumed all values of sequence "sequence_test2" 
ALTER SEQUENCE sequence_test2 RESTART WITH -24 START WITH -24
  INCREMENT BY -4 MINVALUE -36 MAXVALUE -5 CYCLE;
ALTER SEQUENCE
SELECT nextval('sequence_test2');
 nextval 
---------
     -28
(1 row)

SELECT nextval('sequence_test2');
 nextval 
---------
     -32
(1 row)

SELECT nextval('sequence_test2');
 nextval 
---------
     -36
(1 row)

SELECT nextval('sequence_test2');
 nextval 
---------
      -5
(1 row)

SELECT nextval('sequence_test2');  -- cycled
 nextval 
---------
      -9
(1 row)

ALTER SEQUENCE sequence_test2 RESTART WITH -24
  NO CYCLE;
ALTER SEQUENCE
SELECT nextval('sequence_test2');
 nextval 
---------
     -28
(1 row)

SELECT nextval('sequence_test2');
 nextval 
---------
     -32
(1 row)

SELECT nextval('sequence_test2');
 nextval 
---------
     -36
(1 row)

SELECT nextval('sequence_test2');
psql:sequence.sql:221: ERROR:  Kunlun-db: nextval(): consumed all values of sequence "sequence_test2" 
SELECT nextval('sequence_test2');  -- error
psql:sequence.sql:222: ERROR:  Kunlun-db: nextval(): consumed all values of sequence "sequence_test2" 
-- reset
ALTER SEQUENCE IF EXISTS sequence_test2 RESTART WITH 32 START WITH 32
  INCREMENT BY 4 MAXVALUE 36 MINVALUE 5 CYCLE;
ALTER SEQUENCE
SELECT setval('sequence_test2', -100);  -- error
psql:sequence.sql:228: ERROR:  setval: value -100 is out of bounds for sequence "sequence_test2" (5..36)
SELECT setval('sequence_test2', 100);  -- error
psql:sequence.sql:229: ERROR:  setval: value 100 is out of bounds for sequence "sequence_test2" (5..36)
SELECT setval('sequence_test2', 5);
 setval 
--------
      5
(1 row)

CREATE SEQUENCE sequence_test3;  -- not read from, to test is_called
CREATE SEQUENCE
-- Information schema
SELECT * FROM information_schema.sequences
  WHERE sequence_name ~ ANY(ARRAY['sequence_test', 'serialtest'])
  ORDER BY sequence_name ASC;
 sequence_catalog | sequence_schema |   sequence_name    | data_type | numeric_precision | numeric_precision_radix | numeric_scale | start_value |    minimum_value     |    maximum_value    | increment | cycle_option 
------------------+-----------------+--------------------+-----------+-------------------+-------------------------+---------------+-------------+----------------------+---------------------+-----------+--------------
 postgres         | public          | sequence_test10    | smallint  |                16 |                       2 |             0 | 1           | -20000               | 32767               | 1         | NO
 postgres         | public          | sequence_test11    | integer   |                32 |                       2 |             0 | 1           | 1                    | 2147483647          | 1         | NO
 postgres         | public          | sequence_test12    | integer   |                32 |                       2 |             0 | -1          | -2147483648          | -1                  | -1        | NO
 postgres         | public          | sequence_test13    | integer   |                32 |                       2 |             0 | -32768      | -2147483648          | 2147483647          | 1         | NO
 postgres         | public          | sequence_test14    | integer   |                32 |                       2 |             0 | 32767       | -2147483648          | 2147483647          | -1        | NO
 postgres         | public          | sequence_test2     | bigint    |                64 |                       2 |             0 | 32          | 5                    | 36                  | 4         | YES
 postgres         | public          | sequence_test3     | bigint    |                64 |                       2 |             0 | 1           | 1                    | 9223372036854775807 | 1         | NO
 postgres         | public          | sequence_test4     | bigint    |                64 |                       2 |             0 | -1          | -9223372036854775808 | -1                  | -1        | NO
 postgres         | public          | sequence_test5     | smallint  |                16 |                       2 |             0 | 1           | 1                    | 32767               | 1         | NO
 postgres         | public          | sequence_test6     | smallint  |                16 |                       2 |             0 | 1           | 1                    | 32767               | 1         | NO
 postgres         | public          | sequence_test7     | bigint    |                64 |                       2 |             0 | 1           | 1                    | 9223372036854775807 | 1         | NO
 postgres         | public          | sequence_test8     | smallint  |                16 |                       2 |             0 | 1           | 1                    | 20000               | 1         | NO
 postgres         | public          | sequence_test9     | smallint  |                16 |                       2 |             0 | -1          | -32768               | -1                  | -1        | NO
 postgres         | public          | serialtest1_f2_foo | integer   |                32 |                       2 |             0 | 1           | 1                    | 2147483647          | 1         | NO
 postgres         | public          | serialtest2_f2_seq | integer   |                32 |                       2 |             0 | 1           | 1                    | 2147483647          | 1         | NO
 postgres         | public          | serialtest2_f3_seq | smallint  |                16 |                       2 |             0 | 1           | 1                    | 32767               | 1         | NO
 postgres         | public          | serialtest2_f4_seq | smallint  |                16 |                       2 |             0 | 1           | 1                    | 32767               | 1         | NO
 postgres         | public          | serialtest2_f5_seq | bigint    |                64 |                       2 |             0 | 1           | 1                    | 9223372036854775807 | 1         | NO
 postgres         | public          | serialtest2_f6_seq | bigint    |                64 |                       2 |             0 | 1           | 1                    | 9223372036854775807 | 1         | NO
(19 rows)

SELECT schemaname, sequencename, start_value, min_value, max_value, increment_by, cycle, cache_size, last_value
FROM pg_sequences
WHERE sequencename ~ ANY(ARRAY['sequence_test', 'serialtest'])
  ORDER BY sequencename ASC;
 schemaname |    sequencename    | start_value |      min_value       |      max_value      | increment_by | cycle | cache_size |   last_value    
------------+--------------------+-------------+----------------------+---------------------+--------------+-------+------------+-----------------
 public     | sequence_test10    |           1 |               -20000 |               32767 |            1 | f     |          1 | 140369543442704
 public     | sequence_test11    |           1 |                    1 |          2147483647 |            1 | f     |          1 | 140369543442704
 public     | sequence_test12    |          -1 |          -2147483648 |                  -1 |           -1 | f     |          1 | 140369543442704
 public     | sequence_test13    |      -32768 |          -2147483648 |          2147483647 |            1 | f     |          1 | 140369543442704
 public     | sequence_test14    |       32767 |          -2147483648 |          2147483647 |           -1 | f     |          1 | 140369543442704
 public     | sequence_test2     |          32 |                    5 |                  36 |            4 | t     |          1 |              33
 public     | sequence_test3     |           1 |                    1 | 9223372036854775807 |            1 | f     |          1 | 140369543442704
 public     | sequence_test4     |          -1 | -9223372036854775808 |                  -1 |           -1 | f     |          1 |             -10
 public     | sequence_test5     |           1 |                    1 |               32767 |            1 | f     |          1 | 140369543442704
 public     | sequence_test6     |           1 |                    1 |               32767 |            1 | f     |          1 | 140369543442704
 public     | sequence_test7     |           1 |                    1 | 9223372036854775807 |            1 | f     |          1 | 140369543442704
 public     | sequence_test8     |           1 |                    1 |               20000 |            1 | f     |          1 | 140369543442704
 public     | sequence_test9     |          -1 |               -32768 |                  -1 |           -1 | f     |          1 | 140369543442704
 public     | serialtest1_f2_foo |           1 |                    1 |          2147483647 |            1 | f     |          1 |              10
 public     | serialtest2_f2_seq |           1 |                    1 |          2147483647 |            1 | f     |          1 |              10
 public     | serialtest2_f3_seq |           1 |                    1 |               32767 |            1 | f     |          1 |              10
 public     | serialtest2_f4_seq |           1 |                    1 |               32767 |            1 | f     |          1 |              10
 public     | serialtest2_f5_seq |           1 |                    1 | 9223372036854775807 |            1 | f     |          1 |              10
 public     | serialtest2_f6_seq |           1 |                    1 | 9223372036854775807 |            1 | f     |          1 |              10
(19 rows)

SELECT * FROM pg_sequence_parameters('sequence_test4'::regclass);
 start_value |    minimum_value     | maximum_value | increment | cycle_option | cache_size | data_type 
-------------+----------------------+---------------+-----------+--------------+------------+-----------
          -1 | -9223372036854775808 |            -1 |        -1 | f            |          1 |        20
(1 row)

\d sequence_test4
                       Sequence "public.sequence_test4"
  Type  | Start |       Minimum        | Maximum | Increment | Cycles? | Cache 
--------+-------+----------------------+---------+-----------+---------+-------
 bigint |    -1 | -9223372036854775808 |      -1 |        -1 | no      |     1

\d serialtest2_f2_seq
                 Sequence "public.serialtest2_f2_seq"
  Type   | Start | Minimum |  Maximum   | Increment | Cycles? | Cache 
---------+-------+---------+------------+-----------+---------+-------
 integer |     1 |       1 | 2147483647 |         1 | no      |     1
Owned by: public.serialtest2.f2

-- Test comments
COMMENT ON SEQUENCE asdf IS 'won''t work';
psql:sequence.sql:254: ERROR:  relation "asdf" does not exist
COMMENT ON SEQUENCE sequence_test2 IS 'will work';
COMMENT
COMMENT ON SEQUENCE sequence_test2 IS NULL;
COMMENT
-- Test lastval()
CREATE SEQUENCE seq;
CREATE SEQUENCE
SELECT nextval('seq');
 nextval 
---------
       1
(1 row)

SELECT lastval();
 lastval 
---------
       1
(1 row)

SELECT setval('seq', 99);
 setval 
--------
     99
(1 row)

SELECT lastval();
 lastval 
---------
      99
(1 row)

DISCARD SEQUENCES;
DISCARD SEQUENCES
SELECT lastval();
psql:sequence.sql:265: ERROR:  lastval is not yet defined in this session
CREATE SEQUENCE seq2;
CREATE SEQUENCE
SELECT nextval('seq2');
 nextval 
---------
       1
(1 row)

SELECT lastval();
 lastval 
---------
       1
(1 row)

DROP SEQUENCE seq2;
DROP SEQUENCE
-- should fail
SELECT lastval();
psql:sequence.sql:273: ERROR:  lastval is not yet defined in this session
CREATE USER regress_seq_user;
CREATE ROLE
-- Test sequences in read-only transactions
CREATE TEMPORARY SEQUENCE sequence_test_temp1;
CREATE SEQUENCE
START TRANSACTION READ ONLY;
START TRANSACTION
SELECT nextval('sequence_test_temp1');  -- ok
 nextval 
---------
       1
(1 row)

SELECT nextval('sequence_test2');  -- error
psql:sequence.sql:281: ERROR:  cannot execute nextval() in a read-only transaction
ROLLBACK;
ROLLBACK
START TRANSACTION READ ONLY;
START TRANSACTION
SELECT setval('sequence_test_temp1', 1);  -- ok
 setval 
--------
      1
(1 row)

SELECT setval('sequence_test2', 1);  -- error
psql:sequence.sql:285: ERROR:  cannot execute setval() in a read-only transaction
ROLLBACK;
ROLLBACK
-- privileges tests
-- nextval
BEGIN;
BEGIN
SET LOCAL SESSION AUTHORIZATION regress_seq_user;
SET
CREATE SEQUENCE seq3;
psql:sequence.sql:293: ERROR:  Can not execute DDL statements in an explicit transaction in kunlun-db.
REVOKE ALL ON seq3 FROM regress_seq_user;
psql:sequence.sql:294: ERROR:  current transaction is aborted, commands ignored until end of transaction block
GRANT SELECT ON seq3 TO regress_seq_user;
psql:sequence.sql:295: ERROR:  current transaction is aborted, commands ignored until end of transaction block
SELECT nextval('seq3');
psql:sequence.sql:296: ERROR:  current transaction is aborted, commands ignored until end of transaction block
ROLLBACK;
ROLLBACK
BEGIN;
BEGIN
SET LOCAL SESSION AUTHORIZATION regress_seq_user;
SET
CREATE SEQUENCE seq3;
psql:sequence.sql:301: ERROR:  Can not execute DDL statements in an explicit transaction in kunlun-db.
REVOKE ALL ON seq3 FROM regress_seq_user;
psql:sequence.sql:302: ERROR:  current transaction is aborted, commands ignored until end of transaction block
GRANT UPDATE ON seq3 TO regress_seq_user;
psql:sequence.sql:303: ERROR:  current transaction is aborted, commands ignored until end of transaction block
SELECT nextval('seq3');
psql:sequence.sql:304: ERROR:  current transaction is aborted, commands ignored until end of transaction block
ROLLBACK;
ROLLBACK
BEGIN;
BEGIN
SET LOCAL SESSION AUTHORIZATION regress_seq_user;
SET
CREATE SEQUENCE seq3;
psql:sequence.sql:309: ERROR:  Can not execute DDL statements in an explicit transaction in kunlun-db.
REVOKE ALL ON seq3 FROM regress_seq_user;
psql:sequence.sql:310: ERROR:  current transaction is aborted, commands ignored until end of transaction block
GRANT USAGE ON seq3 TO regress_seq_user;
psql:sequence.sql:311: ERROR:  current transaction is aborted, commands ignored until end of transaction block
SELECT nextval('seq3');
psql:sequence.sql:312: ERROR:  current transaction is aborted, commands ignored until end of transaction block
ROLLBACK;
ROLLBACK
-- currval
BEGIN;
BEGIN
SET LOCAL SESSION AUTHORIZATION regress_seq_user;
SET
CREATE SEQUENCE seq3;
psql:sequence.sql:319: ERROR:  Can not execute DDL statements in an explicit transaction in kunlun-db.
SELECT nextval('seq3');
psql:sequence.sql:320: ERROR:  current transaction is aborted, commands ignored until end of transaction block
REVOKE ALL ON seq3 FROM regress_seq_user;
psql:sequence.sql:321: ERROR:  current transaction is aborted, commands ignored until end of transaction block
GRANT SELECT ON seq3 TO regress_seq_user;
psql:sequence.sql:322: ERROR:  current transaction is aborted, commands ignored until end of transaction block
SELECT currval('seq3');
psql:sequence.sql:323: ERROR:  current transaction is aborted, commands ignored until end of transaction block
ROLLBACK;
ROLLBACK
BEGIN;
BEGIN
SET LOCAL SESSION AUTHORIZATION regress_seq_user;
SET
CREATE SEQUENCE seq3;
psql:sequence.sql:330: ERROR:  Can not execute DDL statements in an explicit transaction in kunlun-db.
SELECT nextval('seq3');
psql:sequence.sql:331: ERROR:  current transaction is aborted, commands ignored until end of transaction block
REVOKE ALL ON seq3 FROM regress_seq_user;
psql:sequence.sql:332: ERROR:  current transaction is aborted, commands ignored until end of transaction block
GRANT UPDATE ON seq3 TO regress_seq_user;
psql:sequence.sql:333: ERROR:  current transaction is aborted, commands ignored until end of transaction block
SELECT currval('seq3');
psql:sequence.sql:334: ERROR:  current transaction is aborted, commands ignored until end of transaction block
ROLLBACK;
ROLLBACK
BEGIN;
BEGIN
SET LOCAL SESSION AUTHORIZATION regress_seq_user;
SET
CREATE SEQUENCE seq3;
psql:sequence.sql:339: ERROR:  Can not execute DDL statements in an explicit transaction in kunlun-db.
SELECT nextval('seq3');
psql:sequence.sql:340: ERROR:  current transaction is aborted, commands ignored until end of transaction block
REVOKE ALL ON seq3 FROM regress_seq_user;
psql:sequence.sql:341: ERROR:  current transaction is aborted, commands ignored until end of transaction block
GRANT USAGE ON seq3 TO regress_seq_user;
psql:sequence.sql:342: ERROR:  current transaction is aborted, commands ignored until end of transaction block
SELECT currval('seq3');
psql:sequence.sql:343: ERROR:  current transaction is aborted, commands ignored until end of transaction block
ROLLBACK;
ROLLBACK
-- lastval
BEGIN;
BEGIN
SET LOCAL SESSION AUTHORIZATION regress_seq_user;
SET
CREATE SEQUENCE seq3;
psql:sequence.sql:350: ERROR:  Can not execute DDL statements in an explicit transaction in kunlun-db.
SELECT nextval('seq3');
psql:sequence.sql:351: ERROR:  current transaction is aborted, commands ignored until end of transaction block
REVOKE ALL ON seq3 FROM regress_seq_user;
psql:sequence.sql:352: ERROR:  current transaction is aborted, commands ignored until end of transaction block
GRANT SELECT ON seq3 TO regress_seq_user;
psql:sequence.sql:353: ERROR:  current transaction is aborted, commands ignored until end of transaction block
SELECT lastval();
psql:sequence.sql:354: ERROR:  current transaction is aborted, commands ignored until end of transaction block
ROLLBACK;
ROLLBACK
BEGIN;
BEGIN
SET LOCAL SESSION AUTHORIZATION regress_seq_user;
SET
CREATE SEQUENCE seq3;
psql:sequence.sql:359: ERROR:  Can not execute DDL statements in an explicit transaction in kunlun-db.
SELECT nextval('seq3');
psql:sequence.sql:360: ERROR:  current transaction is aborted, commands ignored until end of transaction block
REVOKE ALL ON seq3 FROM regress_seq_user;
psql:sequence.sql:361: ERROR:  current transaction is aborted, commands ignored until end of transaction block
GRANT UPDATE ON seq3 TO regress_seq_user;
psql:sequence.sql:362: ERROR:  current transaction is aborted, commands ignored until end of transaction block
SELECT lastval();
psql:sequence.sql:363: ERROR:  current transaction is aborted, commands ignored until end of transaction block
ROLLBACK;
ROLLBACK
BEGIN;
BEGIN
SET LOCAL SESSION AUTHORIZATION regress_seq_user;
SET
CREATE SEQUENCE seq3;
psql:sequence.sql:368: ERROR:  Can not execute DDL statements in an explicit transaction in kunlun-db.
SELECT nextval('seq3');
psql:sequence.sql:369: ERROR:  current transaction is aborted, commands ignored until end of transaction block
REVOKE ALL ON seq3 FROM regress_seq_user;
psql:sequence.sql:370: ERROR:  current transaction is aborted, commands ignored until end of transaction block
GRANT USAGE ON seq3 TO regress_seq_user;
psql:sequence.sql:371: ERROR:  current transaction is aborted, commands ignored until end of transaction block
SELECT lastval();
psql:sequence.sql:372: ERROR:  current transaction is aborted, commands ignored until end of transaction block
ROLLBACK;
ROLLBACK
-- setval
BEGIN;
BEGIN
SET LOCAL SESSION AUTHORIZATION regress_seq_user;
SET
CREATE SEQUENCE seq3;
psql:sequence.sql:380: ERROR:  Can not execute DDL statements in an explicit transaction in kunlun-db.
REVOKE ALL ON seq3 FROM regress_seq_user;
psql:sequence.sql:381: ERROR:  current transaction is aborted, commands ignored until end of transaction block
SAVEPOINT save;
psql:sequence.sql:382: ERROR:  current transaction is aborted, commands ignored until end of transaction block
SELECT setval('seq3', 5);
psql:sequence.sql:383: ERROR:  current transaction is aborted, commands ignored until end of transaction block
ROLLBACK TO save;
psql:sequence.sql:384: ERROR:  savepoint "save" does not exist
GRANT UPDATE ON seq3 TO regress_seq_user;
psql:sequence.sql:385: ERROR:  current transaction is aborted, commands ignored until end of transaction block
SELECT setval('seq3', 5);
psql:sequence.sql:386: ERROR:  current transaction is aborted, commands ignored until end of transaction block
SELECT nextval('seq3');
psql:sequence.sql:387: ERROR:  current transaction is aborted, commands ignored until end of transaction block
ROLLBACK;
ROLLBACK
-- ALTER SEQUENCE
BEGIN;
BEGIN
SET LOCAL SESSION AUTHORIZATION regress_seq_user;
SET
ALTER SEQUENCE sequence_test2 START WITH 1;
psql:sequence.sql:394: ERROR:  must be owner of sequence sequence_test2
ROLLBACK;
ROLLBACK
-- Sequences should get wiped out as well:
DROP TABLE serialTest1,serialTest2;
psql:sequence.sql:398: ERROR:  Can not drop more than one table in a statement in kunlun-db, drop tables one by one.
-- Make sure sequences are gone:
SELECT * FROM information_schema.sequences WHERE sequence_name IN
  ('sequence_test2', 'serialtest2_f2_seq', 'serialtest2_f3_seq',
   'serialtest2_f4_seq', 'serialtest2_f5_seq', 'serialtest2_f6_seq')
  ORDER BY sequence_name ASC;
 sequence_catalog | sequence_schema |   sequence_name    | data_type | numeric_precision | numeric_precision_radix | numeric_scale | start_value | minimum_value |    maximum_value    | increment | cycle_option 
------------------+-----------------+--------------------+-----------+-------------------+-------------------------+---------------+-------------+---------------+---------------------+-----------+--------------
 postgres         | public          | sequence_test2     | bigint    |                64 |                       2 |             0 | 32          | 5             | 36                  | 4         | YES
 postgres         | public          | serialtest2_f2_seq | integer   |                32 |                       2 |             0 | 1           | 1             | 2147483647          | 1         | NO
 postgres         | public          | serialtest2_f3_seq | smallint  |                16 |                       2 |             0 | 1           | 1             | 32767               | 1         | NO
 postgres         | public          | serialtest2_f4_seq | smallint  |                16 |                       2 |             0 | 1           | 1             | 32767               | 1         | NO
 postgres         | public          | serialtest2_f5_seq | bigint    |                64 |                       2 |             0 | 1           | 1             | 9223372036854775807 | 1         | NO
 postgres         | public          | serialtest2_f6_seq | bigint    |                64 |                       2 |             0 | 1           | 1             | 9223372036854775807 | 1         | NO
(6 rows)

DROP USER regress_seq_user;
DROP ROLE
DROP SEQUENCE seq;
DROP SEQUENCE
-- cache tests
CREATE SEQUENCE test_seq1 CACHE 10;
CREATE SEQUENCE
SELECT nextval('test_seq1');
 nextval 
---------
       1
(1 row)

SELECT nextval('test_seq1');
 nextval 
---------
       2
(1 row)

SELECT nextval('test_seq1');
 nextval 
---------
       3
(1 row)

DROP SEQUENCE test_seq1;
DROP SEQUENCE
create table tseq(a serial primary key, b int);
CREATE TABLE
create table tseq3(a serial primary key, b smallserial, c bigserial);
CREATE TABLE
CREATE TABLE itest8 (a int GENERATED ALWAYS AS IDENTITY primary key, b text, c bigserial);
CREATE TABLE
create table tseq2(a serial primary key, b smallserial, c bigserial) partition by hash(a);
CREATE TABLE
create table tseq1(a serial primary key, b smallserial, c bigserial) partition by hash(a);
CREATE TABLE
create table tseq11 partition of tseq1 for values with (modulus 4, remainder 0);
CREATE TABLE
create table tseq12 partition of tseq1 for values with (modulus 4, remainder 1);
CREATE TABLE
create table tseq13 partition of tseq1 for values with (modulus 4, remainder 2);
CREATE TABLE
create table tseq14 partition of tseq1 for values with (modulus 4, remainder 3);
CREATE TABLE
drop table tseq1;
DROP TABLE
drop table tseq2;
DROP TABLE
drop table itest8;
DROP TABLE
drop table tseq3;
DROP TABLE
drop table tseq;
DROP TABLE
CREATE TABLE itest8 (a int GENERATED ALWAYS AS IDENTITY primary key, b text, c bigserial);
CREATE TABLE
create table tseq(a serial primary key, b int);
CREATE TABLE
create table tseq3(a serial primary key, b smallserial, c bigserial);
CREATE TABLE
create table tseq2(a serial primary key, b smallserial, c bigserial) partition by hash(a);
CREATE TABLE
create table tseq4(a serial primary key, b int generated always as identity, c bigserial);
CREATE TABLE
create table tseq5(a serial primary key, b int generated always as identity);
CREATE TABLE
create table tseq6(a serial primary key, b int);
CREATE TABLE
create table tseq1(a serial primary key, b smallserial, c bigserial) partition by hash(a);
CREATE TABLE
create table tseq11 partition of tseq1 for values with (modulus 4, remainder 0);
CREATE TABLE
create table tseq12 partition of tseq1 for values with (modulus 4, remainder 1);
CREATE TABLE
create table tseq13 partition of tseq1 for values with (modulus 4, remainder 2);
CREATE TABLE
create table tseq14 partition of tseq1 for values with (modulus 4, remainder 3);
CREATE TABLE
drop table tseq3;
DROP TABLE
drop table tseq;
DROP TABLE
drop table itest8;
DROP TABLE
drop table tseq2;
DROP TABLE
drop table tseq4;
DROP TABLE
drop table tseq5;
DROP TABLE
drop table tseq6;
DROP TABLE
drop table tseq1;
DROP TABLE
-- oracle sequence grammar
create sequence seq34 nomaxvalue nominvalue nocache nocycle noorder starts with 34;
CREATE SEQUENCE
create sequence seq35 nomaxvalue nominvalue cache 1 no cycle order starts with 35;
CREATE SEQUENCE
select seq34.nextval;
 nextval 
---------
      34
(1 row)

select seq35.currval;
psql:sequence.sql:456: ERROR:  currval of sequence "seq35" is not yet defined in this session
select seq35.nextval;
 nextval 
---------
      35
(1 row)

select seq35.currval;		 
 currval 
---------
      35
(1 row)

					 
drop sequence seq35;
DROP SEQUENCE
drop sequence seq34;
DROP SEQUENCE
-- seq value fetch					
drop table if exists t6 cascade;				  
psql:sequence.sql:463: NOTICE:  table "t6" does not exist, skipping
DROP TABLE
create table t6(a int auto_increment primary key, b serial, c int generated by default as identity,d int);
CREATE TABLE
insert into t6(d) values(11),(22),(33);
INSERT 0 3
insert into t6(d) values(11),(22),(33);
INSERT 0 3
insert into t6(d) values(11),(22),(33);
INSERT 0 3
insert into t6(d) values(11),(22),(33);
INSERT 0 3
select*from t6;											
 a  | b  | c  | d  
----+----+----+----
  1 |  1 |  1 | 11
  2 |  2 |  2 | 22
  3 |  3 |  3 | 33
  4 |  4 |  4 | 11
  5 |  5 |  5 | 22
  6 |  6 |  6 | 33
  7 |  7 |  7 | 11
  8 |  8 |  8 | 22
  9 |  9 |  9 | 33
 10 | 10 | 10 | 11
 11 | 11 | 11 | 22
 12 | 12 | 12 | 33
(12 rows)

select currval('t6_a_seq');				  
 currval 
---------
      12
(1 row)

select currval('t6_b_seq');						   
 currval 
---------
      12
(1 row)

select currval('t6_c_seq');						   
 currval 
---------
      12
(1 row)

create sequence seq7;
CREATE SEQUENCE
create sequence seq6;
CREATE SEQUENCE
drop table if exists t55 cascade;
psql:sequence.sql:476: NOTICE:  table "t55" does not exist, skipping
DROP TABLE
create table t55(a serial primary key, b int, c int);
CREATE TABLE
create sequence seq56 owned by t55.b;
CREATE SEQUENCE
insert into t55(c) values(1),(2),(3);
INSERT 0 3
select*from t55;		 
 a | b | c 
---+---+---
 1 |   | 1
 2 |   | 2
 3 |   | 3
(3 rows)

drop table if exists t7 cascade;
psql:sequence.sql:481: NOTICE:  table "t7" does not exist, skipping
DROP TABLE
create table t7(a int auto_increment primary key, b serial, c int generated by default as identity,d int default nextval('seq7'), e int);
CREATE TABLE
insert into t7 (e) values(11),(22),(33) returning *;											 
 a | b | c | d | e  
---+---+---+---+----
 1 | 1 | 1 | 1 | 11
 2 | 2 | 2 | 2 | 22
 3 | 3 | 3 | 3 | 33
(3 rows)

INSERT 0 3
insert into t7 (e) values(11),(22),(33) returning *;		  
 a | b | c | d | e  
---+---+---+---+----
 4 | 4 | 4 | 4 | 11
 5 | 5 | 5 | 5 | 22
 6 | 6 | 6 | 6 | 33
(3 rows)

INSERT 0 3
insert into t7 (e) values(11),(22),(33) returning *;
 a | b | c | d | e  
---+---+---+---+----
 7 | 7 | 7 | 7 | 11
 8 | 8 | 8 | 8 | 22
 9 | 9 | 9 | 9 | 33
(3 rows)

INSERT 0 3
insert into t7 (e) values(11),(22),(33) returning *;
 a  | b  | c  | d  | e  
----+----+----+----+----
 10 | 10 | 10 | 10 | 11
 11 | 11 | 11 | 11 | 22
 12 | 12 | 12 | 12 | 33
(3 rows)

INSERT 0 3
select*from t7;
 a  | b  | c  | d  | e  
----+----+----+----+----
  1 |  1 |  1 |  1 | 11
  2 |  2 |  2 |  2 | 22
  3 |  3 |  3 |  3 | 33
  4 |  4 |  4 |  4 | 11
  5 |  5 |  5 |  5 | 22
  6 |  6 |  6 |  6 | 33
  7 |  7 |  7 |  7 | 11
  8 |  8 |  8 |  8 | 22
  9 |  9 |  9 |  9 | 33
 10 | 10 | 10 | 10 | 11
 11 | 11 | 11 | 11 | 22
 12 | 12 | 12 | 12 | 33
(12 rows)

select currval('t7_a_seq');
 currval 
---------
      12
(1 row)

select currval('t7_b_seq');
 currval 
---------
      12
(1 row)

select currval('t7_c_seq');
 currval 
---------
      12
(1 row)

select currval('seq7');
 currval 
---------
      12
(1 row)

select seq7.nextval, seq7.currval, seq7.nextval, seq7.currval;
 nextval | currval | nextval | currval 
---------+---------+---------+---------
      13 |      13 |      14 |      14
(1 row)

select seq6.nextval, seq7.currval, seq7.nextval, seq6.currval;
 nextval | currval | nextval | currval 
---------+---------+---------+---------
       1 |      14 |      15 |       1
(1 row)

insert into t6(c,d) values(seq6.nextval, seq7.nextval),(seq6.nextval, seq7.nextval),(seq6.currval, seq7.currval);
INSERT 0 3
insert into t6(c,d) values(seq6.nextval, seq7.nextval),(seq6.nextval, seq7.nextval),(seq6.currval, seq7.currval);
INSERT 0 3
insert into t6(c,d) values(seq6.nextval, seq7.nextval),(seq6.nextval, seq7.nextval),(seq6.currval, seq7.currval);
INSERT 0 3
insert into t6(c,d) values(seq6.currval, seq7.currval),(seq6.currval, seq7.currval),(seq6.nextval, seq7.nextval);
INSERT 0 3
drop table t6;
DROP TABLE
drop table t7;
DROP TABLE
drop table t55;
DROP TABLE
drop sequence seq7;
DROP SEQUENCE
drop sequence seq6;
DROP SEQUENCE
drop sequence seq56;		
psql:sequence.sql:504: ERROR:  sequence "seq56" does not exist
drop sequence sequence_test5;
DROP SEQUENCE
drop sequence sequence_test6;
DROP SEQUENCE
drop sequence sequence_test7;
DROP SEQUENCE
drop sequence sequence_test8;
DROP SEQUENCE
drop sequence sequence_test9;
DROP SEQUENCE
drop sequence sequence_test10;
DROP SEQUENCE
drop sequence sequence_test11;
DROP SEQUENCE
drop sequence sequence_test12;
DROP SEQUENCE
drop sequence sequence_test13;
DROP SEQUENCE
drop sequence sequence_test14;
DROP SEQUENCE
drop sequence sequence_test3;
DROP SEQUENCE
drop sequence sequence_test4;
DROP SEQUENCE
drop sequence sequence_test2;	   
DROP SEQUENCE
